-- --------------------------------------------------------
-- Servidor:                     127.0.0.1
-- Versão do servidor:           5.5.28 - MySQL Community Server (GPL)
-- OS do Servidor:               Win64
-- HeidiSQL Versão:              9.3.0.4984
-- --------------------------------------------------------

/*!40101 SET @OLD_CHARACTER_SET_CLIENT=@@CHARACTER_SET_CLIENT */;
/*!40101 SET NAMES utf8mb4 */;
/*!40014 SET @OLD_FOREIGN_KEY_CHECKS=@@FOREIGN_KEY_CHECKS, FOREIGN_KEY_CHECKS=0 */;
/*!40101 SET @OLD_SQL_MODE=@@SQL_MODE, SQL_MODE='NO_AUTO_VALUE_ON_ZERO' */;

-- Copiando estrutura do banco de dados para pp
CREATE DATABASE IF NOT EXISTS `pp` /*!40100 DEFAULT CHARACTER SET latin1 COLLATE latin1_general_ci */;
USE `pp`;


-- Copiando estrutura para tabela pp.caixa
CREATE TABLE IF NOT EXISTS `caixa` (
  `id` int(11) NOT NULL AUTO_INCREMENT,
  `entrada` decimal(30,2) NOT NULL DEFAULT '0.00',
  `obs` varchar(300) COLLATE latin1_general_ci NOT NULL,
  `dt` timestamp NOT NULL DEFAULT CURRENT_TIMESTAMP,
  PRIMARY KEY (`id`)
) ENGINE=InnoDB AUTO_INCREMENT=6 DEFAULT CHARSET=latin1 COLLATE=latin1_general_ci;

-- Copiando dados para a tabela pp.caixa: ~5 rows (aproximadamente)
/*!40000 ALTER TABLE `caixa` DISABLE KEYS */;
INSERT INTO `caixa` (`id`, `entrada`, `obs`, `dt`) VALUES
	(1, 0.10, 'aaa', '2016-04-22 08:33:17'),
	(2, 0.20, 'qwqw', '2016-04-22 08:33:20'),
	(3, 0.50, 'www', '2016-04-22 09:06:10'),
	(4, 200.00, 'kiyhiyi', '2016-04-27 11:05:57'),
	(5, 100.00, 'jhkjhghjk', '2016-04-27 11:06:07');
/*!40000 ALTER TABLE `caixa` ENABLE KEYS */;


-- Copiando estrutura para tabela pp.cliente
CREATE TABLE IF NOT EXISTS `cliente` (
  `id` int(11) NOT NULL AUTO_INCREMENT,
  `nome` varchar(100) COLLATE latin1_general_ci NOT NULL,
  `end` varchar(300) COLLATE latin1_general_ci DEFAULT NULL,
  `tel` varchar(50) COLLATE latin1_general_ci DEFAULT NULL,
  `obs` varchar(600) COLLATE latin1_general_ci DEFAULT NULL,
  `dt` timestamp NOT NULL DEFAULT CURRENT_TIMESTAMP,
  PRIMARY KEY (`id`),
  UNIQUE KEY `nome` (`nome`)
) ENGINE=InnoDB AUTO_INCREMENT=7 DEFAULT CHARSET=latin1 COLLATE=latin1_general_ci;

-- Copiando dados para a tabela pp.cliente: ~6 rows (aproximadamente)
/*!40000 ALTER TABLE `cliente` DISABLE KEYS */;
INSERT INTO `cliente` (`id`, `nome`, `end`, `tel`, `obs`, `dt`) VALUES
	(1, 'Portão', NULL, NULL, NULL, '2016-02-17 10:42:55'),
	(2, 'teste', NULL, NULL, NULL, '2016-03-24 15:51:51'),
	(3, 'dddd', '', '', '', '2016-03-24 16:36:59'),
	(4, 'alexdeuna', 'wdsdwd', '21212', 'scvASDVC', '2016-03-24 16:43:01'),
	(5, 'teste_1', 'aaa', '222', 'ssdwsd', '2016-03-30 10:56:15'),
	(6, 'ppppp', 'fcfq', '(11) 11111-1111', 'hbijfytulftdyd', '2016-04-27 10:58:05');
/*!40000 ALTER TABLE `cliente` ENABLE KEYS */;


-- Copiando estrutura para tabela pp.ctabela
CREATE TABLE IF NOT EXISTS `ctabela` (
  `id` int(11) NOT NULL AUTO_INCREMENT,
  `id_cli` int(11) NOT NULL,
  `id_mat` int(11) NOT NULL,
  `valor` double(30,2) DEFAULT NULL,
  `dt_update` timestamp NOT NULL DEFAULT CURRENT_TIMESTAMP ON UPDATE CURRENT_TIMESTAMP,
  PRIMARY KEY (`id`),
  KEY `id_cli_tabela` (`id_cli`),
  KEY `id_mat_tabela` (`id_mat`),
  CONSTRAINT `id_cli_tabela` FOREIGN KEY (`id_cli`) REFERENCES `cliente` (`id`),
  CONSTRAINT `id_mat_tabela` FOREIGN KEY (`id_mat`) REFERENCES `material` (`id`)
) ENGINE=InnoDB AUTO_INCREMENT=92 DEFAULT CHARSET=latin1 COLLATE=latin1_general_ci;

-- Copiando dados para a tabela pp.ctabela: ~91 rows (aproximadamente)
/*!40000 ALTER TABLE `ctabela` DISABLE KEYS */;
INSERT INTO `ctabela` (`id`, `id_cli`, `id_mat`, `valor`, `dt_update`) VALUES
	(1, 1, 1, 0.01, '2016-03-21 16:21:43'),
	(2, 1, 2, 0.01, '2016-03-21 16:21:43'),
	(3, 1, 3, 0.01, '2016-03-21 16:21:43'),
	(4, 1, 4, 0.01, '2016-03-21 16:21:43'),
	(5, 1, 5, 0.01, '2016-03-21 16:21:43'),
	(6, 1, 6, 0.01, '2016-03-21 16:21:43'),
	(7, 1, 7, 0.01, '2016-03-21 16:21:43'),
	(8, 1, 8, 0.01, '2016-03-21 16:21:43'),
	(9, 1, 9, 0.01, '2016-03-21 16:21:43'),
	(10, 1, 10, 0.01, '2016-03-21 16:21:43'),
	(11, 1, 11, 0.01, '2016-03-21 16:21:43'),
	(12, 1, 12, 0.01, '2016-03-21 16:21:43'),
	(13, 1, 13, 0.01, '2016-03-21 16:21:43'),
	(14, 1, 14, 0.01, '2016-03-21 16:21:43'),
	(15, 1, 15, 0.01, '2016-03-21 16:21:43'),
	(16, 1, 16, 0.01, '2016-03-21 16:21:43'),
	(17, 1, 17, 0.01, '2016-03-21 16:21:43'),
	(18, 1, 18, 0.01, '2016-03-21 16:21:43'),
	(19, 1, 19, 0.01, '2016-03-21 16:21:43'),
	(20, 1, 20, 0.01, '2016-03-21 16:21:43'),
	(21, 1, 21, 0.01, '2016-03-21 16:21:43'),
	(22, 1, 22, 0.01, '2016-03-21 16:21:43'),
	(23, 1, 23, 0.01, '2016-03-21 16:21:43'),
	(24, 1, 24, 0.01, '2016-03-21 16:21:43'),
	(25, 1, 25, 0.01, '2016-03-21 16:21:43'),
	(26, 1, 6, 50.00, '2016-03-21 16:22:13'),
	(27, 1, 8, 3.00, '2016-03-21 16:22:13'),
	(28, 1, 18, 2.00, '2016-03-21 16:22:13'),
	(29, 2, 1, 0.09, '2016-03-24 15:52:18'),
	(30, 2, 5, 0.09, '2016-03-24 15:52:18'),
	(31, 2, 9, 0.09, '2016-03-24 15:52:18'),
	(32, 2, 10, 0.09, '2016-03-24 15:52:18'),
	(33, 2, 13, 0.09, '2016-03-24 15:52:18'),
	(34, 2, 14, 0.09, '2016-03-24 15:52:18'),
	(35, 2, 17, 0.09, '2016-03-24 15:52:18'),
	(36, 2, 18, 0.09, '2016-03-24 15:52:18'),
	(37, 2, 1, 0.05, '2016-03-24 15:55:22'),
	(38, 5, 1, 0.01, '2016-03-30 10:56:29'),
	(39, 5, 2, 0.01, '2016-03-30 10:56:29'),
	(40, 5, 7, 0.01, '2016-03-30 10:56:29'),
	(41, 3, 1, 0.02, '2016-03-30 11:28:15'),
	(42, 3, 1, 0.02, '2016-03-30 11:28:15'),
	(43, 3, 1, 0.02, '2016-03-30 11:34:27'),
	(44, 3, 2, 0.32, '2016-03-30 11:45:26'),
	(45, 1, 1, 1.99, '2016-03-30 14:41:24'),
	(46, 1, 1, 9.99, '2016-03-30 14:42:14'),
	(47, 1, 1, 9.90, '2016-03-30 14:42:50'),
	(48, 1, 1, 1.00, '2016-03-30 14:43:21'),
	(49, 1, 1, 0.09, '2016-03-30 14:44:45'),
	(50, 1, 1, 0.03, '2016-03-30 14:45:14'),
	(51, 5, 5, 99.99, '2016-03-30 14:45:24'),
	(52, 5, 1, 0.10, '2016-03-30 14:45:51'),
	(53, 5, 2, 0.10, '2016-03-30 14:45:51'),
	(54, 5, 3, 0.10, '2016-03-30 14:45:51'),
	(55, 5, 4, 0.10, '2016-03-30 14:45:51'),
	(56, 5, 5, 0.10, '2016-03-30 14:45:51'),
	(57, 5, 6, 0.10, '2016-03-30 14:45:51'),
	(58, 5, 7, 0.10, '2016-03-30 14:45:51'),
	(59, 5, 8, 0.10, '2016-03-30 14:45:51'),
	(60, 5, 9, 0.10, '2016-03-30 14:45:51'),
	(61, 5, 10, 0.10, '2016-03-30 14:45:51'),
	(62, 5, 11, 0.10, '2016-03-30 14:45:51'),
	(63, 5, 12, 0.10, '2016-03-30 14:45:51'),
	(64, 5, 13, 0.10, '2016-03-30 14:45:51'),
	(65, 5, 14, 0.10, '2016-03-30 14:45:51'),
	(66, 5, 15, 0.10, '2016-03-30 14:45:51'),
	(67, 5, 16, 0.10, '2016-03-30 14:45:51'),
	(68, 5, 17, 0.10, '2016-03-30 14:45:51'),
	(69, 5, 18, 0.10, '2016-03-30 14:45:51'),
	(70, 5, 19, 0.10, '2016-03-30 14:45:51'),
	(71, 5, 20, 0.10, '2016-03-30 14:45:51'),
	(72, 5, 21, 0.10, '2016-03-30 14:45:51'),
	(73, 5, 22, 0.10, '2016-03-30 14:45:51'),
	(74, 5, 23, 0.10, '2016-03-30 14:45:51'),
	(75, 5, 24, 0.10, '2016-03-30 14:45:51'),
	(76, 5, 25, 0.10, '2016-03-30 14:45:51'),
	(77, 5, 11, 0.33, '2016-03-30 14:46:02'),
	(78, 5, 11, 0.10, '2016-03-30 14:46:05'),
	(79, 1, 10, 3.33, '2016-03-30 14:46:16'),
	(80, 1, 22, 3.33, '2016-03-30 14:46:16'),
	(81, 1, 23, 1.11, '2016-03-30 14:46:16'),
	(82, 1, 1, 0.22, '2016-03-31 15:57:52'),
	(83, 1, 24, 0.23, '2016-03-31 15:58:02'),
	(84, 1, 1, 3.00, '2016-04-05 14:57:05'),
	(85, 4, 1, 0.10, '2016-04-15 11:29:45'),
	(86, 4, 2, 0.10, '2016-04-15 11:29:45'),
	(87, 4, 3, 0.10, '2016-04-15 11:29:45'),
	(88, 4, 4, 0.10, '2016-04-15 11:29:45'),
	(89, 4, 25, 0.20, '2016-04-15 11:29:45'),
	(90, 6, 1, 1.00, '2016-04-27 11:00:38'),
	(91, 1, 1, 0.30, '2016-04-27 11:01:00');
/*!40000 ALTER TABLE `ctabela` ENABLE KEYS */;


-- Copiando estrutura para tabela pp.entrada
CREATE TABLE IF NOT EXISTS `entrada` (
  `id` int(11) NOT NULL AUTO_INCREMENT,
  `id_mat` int(11) NOT NULL,
  `id_cli` int(11) NOT NULL,
  `valor` decimal(30,2) NOT NULL DEFAULT '0.00',
  `peso` decimal(30,3) NOT NULL DEFAULT '0.000',
  `dt` timestamp NOT NULL DEFAULT CURRENT_TIMESTAMP,
  PRIMARY KEY (`id`),
  KEY `id_mat_entrada` (`id_mat`),
  KEY `id_cli_entrada` (`id_cli`),
  CONSTRAINT `id_cli_entrada` FOREIGN KEY (`id_cli`) REFERENCES `cliente` (`id`),
  CONSTRAINT `id_mat_entrada` FOREIGN KEY (`id_mat`) REFERENCES `material` (`id`)
) ENGINE=InnoDB AUTO_INCREMENT=230 DEFAULT CHARSET=latin1 COLLATE=latin1_general_ci;

-- Copiando dados para a tabela pp.entrada: ~221 rows (aproximadamente)
/*!40000 ALTER TABLE `entrada` DISABLE KEYS */;
INSERT INTO `entrada` (`id`, `id_mat`, `id_cli`, `valor`, `peso`, `dt`) VALUES
	(1, 1, 1, 3.00, 0.033, '2016-04-15 15:03:20'),
	(2, 2, 1, 0.01, 0.333, '2016-04-15 15:03:20'),
	(3, 3, 1, 0.01, 0.333, '2016-04-15 15:03:20'),
	(4, 4, 1, 0.01, 0.333, '2016-04-15 15:03:20'),
	(5, 5, 1, 0.01, 0.333, '2016-04-15 15:03:20'),
	(6, 22, 1, 3.33, 0.333, '2016-04-15 15:03:20'),
	(7, 1, 3, 0.02, 0.100, '2016-04-15 15:03:26'),
	(8, 2, 3, 0.32, 0.100, '2016-04-15 15:03:26'),
	(9, 1, 4, 0.10, 0.200, '2016-04-15 15:03:39'),
	(10, 4, 4, 0.10, 0.200, '2016-04-15 15:03:39'),
	(11, 25, 4, 0.20, 0.200, '2016-04-15 15:03:39'),
	(12, 1, 1, 3.00, 0.333, '2016-04-15 15:10:18'),
	(13, 2, 1, 0.01, 0.333, '2016-04-15 15:10:18'),
	(14, 2, 1, 0.01, 0.001, '2016-04-15 15:12:04'),
	(15, 3, 1, 0.01, 0.001, '2016-04-15 15:12:04'),
	(16, 19, 1, 0.01, 0.001, '2016-04-15 15:12:09'),
	(17, 23, 1, 1.11, 0.001, '2016-04-15 15:12:09'),
	(18, 1, 1, 3.00, 0.021, '2016-04-15 15:13:52'),
	(19, 6, 1, 50.00, 0.121, '2016-04-15 15:13:52'),
	(20, 18, 1, 2.00, 1.212, '2016-04-15 15:13:52'),
	(21, 22, 1, 3.33, 0.022, '2016-04-15 15:14:16'),
	(22, 1, 1, 3.00, 0.112, '2016-04-15 15:15:14'),
	(23, 10, 1, 3.33, 1.212, '2016-04-15 15:15:14'),
	(24, 18, 1, 2.00, 123.123, '2016-04-15 15:15:18'),
	(25, 7, 1, 0.01, 0.033, '2016-04-15 15:16:25'),
	(26, 15, 1, 0.01, 0.332, '2016-04-15 15:16:25'),
	(27, 2, 4, 0.10, 0.033, '2016-04-15 15:16:36'),
	(28, 3, 4, 0.10, 0.033, '2016-04-15 15:16:40'),
	(29, 7, 1, 0.01, 0.033, '2016-04-15 15:16:55'),
	(30, 15, 1, 0.01, 0.333, '2016-04-15 15:16:55'),
	(31, 23, 1, 1.11, 0.033, '2016-04-15 15:16:56'),
	(32, 3, 1, 0.01, 0.003, '2016-04-15 15:30:22'),
	(33, 7, 1, 0.01, 0.003, '2016-04-15 15:30:22'),
	(34, 1, 1, 3.00, 0.003, '2016-04-15 15:32:30'),
	(35, 5, 1, 0.01, 0.001, '2016-04-15 15:32:30'),
	(36, 2, 1, 0.01, 0.033, '2016-04-15 15:42:13'),
	(37, 10, 1, 3.33, 0.333, '2016-04-15 15:42:13'),
	(38, 4, 1, 0.01, 0.333, '2016-04-15 15:42:30'),
	(39, 23, 1, 1.11, 23.232, '2016-04-15 15:42:33'),
	(40, 9, 1, 0.01, 0.323, '2016-04-15 15:43:31'),
	(41, 13, 1, 0.01, 2.323, '2016-04-15 15:43:33'),
	(42, 22, 1, 3.33, 2.323, '2016-04-15 15:43:35'),
	(43, 18, 1, 2.00, 0.022, '2016-04-15 15:47:32'),
	(44, 13, 1, 0.01, 0.222, '2016-04-15 15:48:08'),
	(45, 11, 1, 0.01, 0.223, '2016-04-15 15:50:03'),
	(46, 23, 1, 1.11, 0.111, '2016-04-15 16:04:11'),
	(47, 18, 1, 2.00, 2.112, '2016-04-15 16:05:29'),
	(48, 22, 1, 3.33, 1.212, '2016-04-15 16:05:31'),
	(49, 23, 1, 1.11, 0.121, '2016-04-15 16:05:34'),
	(50, 24, 1, 0.23, 1.212, '2016-04-15 16:05:38'),
	(51, 25, 1, 0.01, 0.111, '2016-04-15 16:06:07'),
	(52, 22, 1, 3.33, 0.002, '2016-04-15 16:08:16'),
	(53, 15, 1, 0.01, 0.022, '2016-04-15 16:08:44'),
	(54, 23, 1, 1.11, 2.222, '2016-04-15 16:08:48'),
	(55, 2, 4, 0.10, 0.022, '2016-04-15 16:15:09'),
	(56, 2, 4, 0.10, 1.212, '2016-04-15 16:15:45'),
	(57, 2, 4, 0.10, 1.212, '2016-04-15 16:15:48'),
	(58, 3, 4, 0.10, 1.212, '2016-04-15 16:15:50'),
	(59, 22, 1, 3.33, 0.222, '2016-04-15 16:18:06'),
	(60, 25, 1, 0.01, 0.111, '2016-04-15 16:19:13'),
	(61, 1, 3, 0.02, 0.111, '2016-04-15 16:20:38'),
	(62, 2, 3, 0.32, 1.212, '2016-04-15 16:20:42'),
	(63, 2, 3, 0.32, 1.212, '2016-04-15 16:20:44'),
	(64, 1, 4, 0.10, 1.212, '2016-04-15 16:20:56'),
	(65, 25, 4, 0.20, 1.212, '2016-04-15 16:20:57'),
	(66, 5, 1, 0.01, 0.012, '2016-04-15 16:21:33'),
	(67, 9, 1, 0.01, 12.121, '2016-04-15 16:21:33'),
	(68, 1, 3, 0.02, 0.022, '2016-04-15 16:23:10'),
	(69, 2, 3, 0.32, 0.022, '2016-04-15 16:23:11'),
	(70, 21, 1, 0.01, 0.121, '2016-04-15 16:23:53'),
	(71, 25, 1, 0.01, 0.212, '2016-04-15 16:23:53'),
	(72, 1, 4, 0.10, 0.222, '2016-04-15 16:25:02'),
	(73, 2, 4, 0.10, 0.222, '2016-04-15 16:25:02'),
	(74, 1, 1, 3.00, 0.222, '2016-04-15 16:25:15'),
	(75, 2, 1, 0.01, 0.222, '2016-04-15 16:25:15'),
	(76, 6, 1, 50.00, 0.222, '2016-04-15 16:25:15'),
	(77, 13, 1, 0.01, 0.222, '2016-04-15 16:25:15'),
	(78, 2, 1, 0.01, 2.121, '2016-04-15 16:25:41'),
	(79, 10, 1, 3.33, 1.212, '2016-04-15 16:25:41'),
	(80, 22, 1, 3.33, 0.121, '2016-04-15 16:28:37'),
	(81, 3, 1, 0.01, 0.011, '2016-04-15 16:28:58'),
	(82, 3, 1, 0.01, 0.012, '2016-04-15 16:29:09'),
	(83, 3, 1, 0.01, 0.022, '2016-04-15 16:29:27'),
	(84, 22, 1, 3.33, 1.561, '2016-04-15 16:29:36'),
	(85, 8, 1, 3.00, 0.011, '2016-04-15 16:31:37'),
	(86, 10, 1, 3.33, 0.012, '2016-04-15 16:31:59'),
	(87, 3, 1, 0.01, 0.023, '2016-04-15 16:32:19'),
	(88, 3, 1, 0.01, 0.022, '2016-04-15 16:32:58'),
	(89, 7, 1, 0.01, 0.022, '2016-04-15 16:32:58'),
	(90, 11, 1, 0.01, 0.002, '2016-04-15 16:32:58'),
	(91, 23, 1, 1.11, 0.012, '2016-04-15 16:48:02'),
	(92, 4, 1, 0.01, 0.002, '2016-04-15 16:48:51'),
	(93, 3, 1, 0.01, 2.323, '2016-04-15 16:49:36'),
	(94, 8, 1, 3.00, 22.323, '2016-04-15 16:50:07'),
	(95, 4, 1, 0.01, 0.222, '2016-04-15 16:50:34'),
	(96, 4, 1, 0.01, 1.112, '2016-04-15 16:51:06'),
	(97, 4, 1, 0.01, 2.112, '2016-04-15 16:51:19'),
	(98, 3, 1, 0.01, 1.212, '2016-04-15 16:53:03'),
	(99, 15, 1, 0.01, 1.212, '2016-04-15 16:53:10'),
	(100, 4, 1, 0.01, 2.121, '2016-04-15 16:54:07'),
	(101, 3, 1, 0.01, 23.232, '2016-04-15 16:54:20'),
	(102, 15, 1, 0.01, 2.323, '2016-04-15 16:54:23'),
	(103, 15, 1, 0.01, 0.232, '2016-04-15 16:54:27'),
	(104, 19, 1, 0.01, 22.323, '2016-04-15 16:54:27'),
	(105, 2, 4, 0.10, 1.212, '2016-04-15 16:54:35'),
	(106, 3, 4, 0.10, 1.212, '2016-04-15 16:54:35'),
	(107, 4, 4, 0.10, 1.212, '2016-04-15 16:54:38'),
	(108, 16, 1, 0.01, 1.212, '2016-04-15 17:03:30'),
	(109, 23, 1, 1.11, 2.121, '2016-04-15 17:07:08'),
	(110, 24, 1, 0.23, 0.212, '2016-04-15 17:09:43'),
	(118, 4, 1, 0.01, 1.212, '2016-04-20 10:59:00'),
	(119, 2, 1, 0.01, 0.122, '2016-04-20 16:11:20'),
	(120, 2, 1, 0.01, 0.100, '2016-04-20 16:11:47'),
	(121, 2, 1, 0.01, 1.000, '2016-04-20 16:12:14'),
	(122, 1, 4, 0.10, 0.345, '2016-04-20 16:33:35'),
	(123, 2, 4, 0.10, 34.545, '2016-04-20 16:33:36'),
	(124, 3, 4, 0.10, 345.345, '2016-04-20 16:33:36'),
	(125, 4, 4, 0.10, 453.453, '2016-04-20 16:33:36'),
	(126, 25, 4, 0.20, 53.453, '2016-04-20 16:33:36'),
	(127, 2, 4, 0.10, 345.345, '2016-04-20 16:33:40'),
	(128, 3, 4, 0.10, 345.345, '2016-04-20 16:33:40'),
	(129, 1, 5, 0.10, 0.034, '2016-04-20 16:34:05'),
	(130, 2, 5, 0.10, 0.345, '2016-04-20 16:34:05'),
	(131, 3, 5, 0.10, 0.345, '2016-04-20 16:34:05'),
	(132, 4, 5, 0.10, 0.345, '2016-04-20 16:34:05'),
	(133, 5, 5, 0.10, 0.034, '2016-04-20 16:34:05'),
	(134, 6, 5, 0.10, 0.345, '2016-04-20 16:34:05'),
	(135, 7, 5, 0.10, 0.354, '2016-04-20 16:34:05'),
	(136, 8, 5, 0.10, 0.345, '2016-04-20 16:34:05'),
	(137, 9, 5, 0.10, 0.034, '2016-04-20 16:34:05'),
	(138, 10, 5, 0.10, 0.345, '2016-04-20 16:34:06'),
	(139, 11, 5, 0.10, 0.345, '2016-04-20 16:34:06'),
	(140, 12, 5, 0.10, 5.345, '2016-04-20 16:34:06'),
	(141, 13, 5, 0.10, 0.034, '2016-04-20 16:34:06'),
	(142, 14, 5, 0.10, 0.345, '2016-04-20 16:34:06'),
	(143, 15, 5, 0.10, 0.345, '2016-04-20 16:34:06'),
	(144, 16, 5, 0.10, 0.034, '2016-04-20 16:34:06'),
	(145, 17, 5, 0.10, 0.345, '2016-04-20 16:34:06'),
	(146, 18, 5, 0.10, 0.345, '2016-04-20 16:34:06'),
	(147, 19, 5, 0.10, 0.345, '2016-04-20 16:34:06'),
	(148, 20, 5, 0.10, 0.345, '2016-04-20 16:34:06'),
	(149, 21, 5, 0.10, 0.034, '2016-04-20 16:34:06'),
	(150, 22, 5, 0.10, 0.034, '2016-04-20 16:34:06'),
	(151, 23, 5, 0.10, 0.345, '2016-04-20 16:34:06'),
	(152, 24, 5, 0.10, 0.345, '2016-04-20 16:34:06'),
	(153, 25, 5, 0.10, 0.345, '2016-04-20 16:34:06'),
	(154, 1, 1, 3.00, 0.001, '2016-04-22 10:05:40'),
	(155, 2, 1, 0.01, 0.001, '2016-04-22 10:05:40'),
	(156, 3, 1, 0.01, 0.001, '2016-04-22 10:05:40'),
	(157, 4, 1, 0.01, 0.001, '2016-04-22 10:05:40'),
	(158, 5, 1, 0.01, 0.001, '2016-04-22 10:05:40'),
	(159, 6, 1, 50.00, 0.001, '2016-04-22 10:05:40'),
	(160, 7, 1, 0.01, 0.001, '2016-04-22 10:05:40'),
	(161, 8, 1, 3.00, 0.001, '2016-04-22 10:05:40'),
	(162, 9, 1, 0.01, 0.001, '2016-04-22 10:05:40'),
	(163, 10, 1, 3.33, 0.001, '2016-04-22 10:05:40'),
	(164, 11, 1, 0.01, 0.001, '2016-04-22 10:05:41'),
	(165, 12, 1, 0.01, 0.001, '2016-04-22 10:05:41'),
	(166, 13, 1, 0.01, 0.001, '2016-04-22 10:05:41'),
	(167, 14, 1, 0.01, 0.001, '2016-04-22 10:05:41'),
	(168, 15, 1, 0.01, 0.001, '2016-04-22 10:05:41'),
	(169, 16, 1, 0.01, 0.001, '2016-04-22 10:05:41'),
	(170, 17, 1, 0.01, 0.001, '2016-04-22 10:05:41'),
	(171, 18, 1, 2.00, 0.001, '2016-04-22 10:05:41'),
	(172, 19, 1, 0.01, 0.001, '2016-04-22 10:05:41'),
	(173, 20, 1, 0.01, 0.001, '2016-04-22 10:05:41'),
	(174, 21, 1, 0.01, 0.001, '2016-04-22 10:05:42'),
	(175, 22, 1, 3.33, 0.001, '2016-04-22 10:05:42'),
	(176, 23, 1, 1.11, 0.001, '2016-04-22 10:05:42'),
	(177, 24, 1, 0.23, 0.001, '2016-04-22 10:05:42'),
	(178, 25, 1, 0.01, 0.001, '2016-04-22 10:05:42'),
	(179, 1, 1, 3.00, 0.021, '2016-04-22 10:05:56'),
	(180, 2, 1, 0.01, 0.321, '2016-04-22 10:05:56'),
	(181, 3, 1, 0.01, 0.654, '2016-04-22 10:05:56'),
	(182, 4, 1, 0.01, 0.087, '2016-04-22 10:05:56'),
	(183, 5, 1, 0.01, 2.316, '2016-04-22 10:05:56'),
	(184, 6, 1, 50.00, 0.087, '2016-04-22 10:05:56'),
	(185, 7, 1, 0.01, 0.564, '2016-04-22 10:05:57'),
	(186, 8, 1, 3.00, 89.456, '2016-04-22 10:05:57'),
	(187, 19, 1, 0.01, 0.454, '2016-04-22 10:05:57'),
	(188, 1, 4, 0.10, 1.231, '2016-04-22 10:06:09'),
	(189, 2, 4, 0.10, 2.131, '2016-04-22 10:06:10'),
	(190, 3, 4, 0.10, 0.123, '2016-04-22 10:06:10'),
	(191, 4, 4, 0.10, 0.013, '2016-04-22 10:06:10'),
	(192, 25, 4, 0.20, 1.312, '2016-04-22 10:06:10'),
	(193, 2, 5, 0.10, 1.101, '2016-04-22 10:06:48'),
	(194, 3, 5, 0.10, 1.011, '2016-04-22 10:06:48'),
	(195, 23, 5, 0.10, 54.165, '2016-04-22 10:06:48'),
	(196, 9, 5, 0.10, 4.454, '2016-04-22 10:06:53'),
	(197, 14, 5, 0.10, 1.450, '2016-04-22 10:06:54'),
	(198, 18, 5, 0.10, 1.111, '2016-04-22 10:06:55'),
	(199, 5, 2, 0.09, 0.111, '2016-04-22 10:07:01'),
	(200, 14, 2, 0.09, 0.111, '2016-04-22 10:07:01'),
	(201, 18, 2, 0.09, 0.111, '2016-04-22 10:07:03'),
	(202, 2, 3, 0.32, 1.111, '2016-04-22 10:07:08'),
	(203, 2, 1, 0.01, 0.111, '2016-04-22 10:07:12'),
	(204, 25, 4, 0.20, 0.111, '2016-04-22 10:07:18'),
	(205, 2, 4, 0.10, 2.233, '2016-04-22 10:07:21'),
	(206, 3, 4, 0.10, 0.011, '2016-04-22 10:07:21'),
	(207, 1, 1, 3.00, 0.002, '2016-04-25 13:47:55'),
	(208, 2, 1, 0.01, 0.001, '2016-04-25 13:47:55'),
	(209, 1, 1, 3.00, 0.010, '2016-04-26 15:04:32'),
	(210, 2, 1, 0.01, 0.010, '2016-04-26 15:04:32'),
	(211, 3, 1, 0.01, 0.020, '2016-04-26 15:04:32'),
	(212, 4, 1, 0.01, 0.030, '2016-04-26 15:04:32'),
	(213, 14, 2, 0.09, 0.050, '2016-04-26 15:04:44'),
	(214, 17, 2, 0.09, 0.100, '2016-04-26 15:04:44'),
	(215, 18, 2, 0.09, 1.000, '2016-04-26 15:04:44'),
	(216, 25, 4, 0.20, 0.300, '2016-04-26 15:04:50'),
	(217, 6, 1, 50.00, 1.500, '2016-04-26 15:05:07'),
	(218, 11, 1, 0.01, 1.000, '2016-04-26 15:05:07'),
	(219, 13, 1, 0.01, 0.400, '2016-04-26 15:05:07'),
	(220, 14, 1, 0.01, 0.500, '2016-04-26 15:05:07'),
	(221, 21, 1, 0.01, 3.000, '2016-04-26 15:05:07'),
	(223, 1, 6, 1.00, 2.000, '2016-04-27 11:02:01'),
	(224, 1, 6, 1.00, 0.500, '2016-04-27 11:02:08'),
	(225, 1, 4, 0.10, 0.100, '2016-04-27 11:05:22'),
	(226, 3, 4, 0.10, 5.246, '2016-04-27 11:09:32'),
	(227, 1, 1, 0.30, 6546.546, '2016-04-27 11:10:04'),
	(228, 2, 1, 0.01, 546.456, '2016-04-27 11:10:04'),
	(229, 3, 1, 0.01, 45.645, '2016-04-27 11:10:04');
/*!40000 ALTER TABLE `entrada` ENABLE KEYS */;


-- Copiando estrutura para tabela pp.firma
CREATE TABLE IF NOT EXISTS `firma` (
  `id` int(11) NOT NULL AUTO_INCREMENT,
  `saida` decimal(30,2) NOT NULL DEFAULT '0.00',
  `obs` varchar(300) COLLATE latin1_general_ci NOT NULL,
  `dt` timestamp NOT NULL DEFAULT CURRENT_TIMESTAMP,
  PRIMARY KEY (`id`)
) ENGINE=InnoDB AUTO_INCREMENT=13 DEFAULT CHARSET=latin1 COLLATE=latin1_general_ci;

-- Copiando dados para a tabela pp.firma: ~4 rows (aproximadamente)
/*!40000 ALTER TABLE `firma` DISABLE KEYS */;
INSERT INTO `firma` (`id`, `saida`, `obs`, `dt`) VALUES
	(9, 0.30, '30', '2016-04-22 08:33:51'),
	(10, 0.25, 'sd', '2016-04-22 08:33:55'),
	(11, 50.00, 'hfhdftrrt', '2016-04-27 11:06:21'),
	(12, 1.00, 'ygigyft', '2016-04-27 11:06:27');
/*!40000 ALTER TABLE `firma` ENABLE KEYS */;


-- Copiando estrutura para tabela pp.fornecedor
CREATE TABLE IF NOT EXISTS `fornecedor` (
  `id` int(11) NOT NULL AUTO_INCREMENT,
  `nome` varchar(100) COLLATE latin1_general_ci NOT NULL,
  `end` varchar(300) COLLATE latin1_general_ci DEFAULT NULL,
  `tel` varchar(50) COLLATE latin1_general_ci DEFAULT NULL,
  `obs` varchar(600) COLLATE latin1_general_ci DEFAULT NULL,
  `dt` timestamp NOT NULL DEFAULT CURRENT_TIMESTAMP,
  PRIMARY KEY (`id`),
  UNIQUE KEY `nome` (`nome`)
) ENGINE=InnoDB AUTO_INCREMENT=3 DEFAULT CHARSET=latin1 COLLATE=latin1_general_ci;

-- Copiando dados para a tabela pp.fornecedor: ~2 rows (aproximadamente)
/*!40000 ALTER TABLE `fornecedor` DISABLE KEYS */;
INSERT INTO `fornecedor` (`id`, `nome`, `end`, `tel`, `obs`, `dt`) VALUES
	(1, 'eqfeqw', 'eqwfrdweqrf', 'wqef', 'df', '2016-03-29 11:06:13'),
	(2, 'FORN', 'KNMOKN', '908-', 'KLN', '2016-03-30 11:00:27');
/*!40000 ALTER TABLE `fornecedor` ENABLE KEYS */;


-- Copiando estrutura para tabela pp.ftabela
CREATE TABLE IF NOT EXISTS `ftabela` (
  `id` int(11) NOT NULL AUTO_INCREMENT,
  `id_for` int(11) NOT NULL,
  `id_mat` int(11) NOT NULL,
  `valor` double(30,2) DEFAULT NULL,
  `dt_update` timestamp NOT NULL DEFAULT CURRENT_TIMESTAMP ON UPDATE CURRENT_TIMESTAMP,
  PRIMARY KEY (`id`),
  KEY `id_for_ftabela` (`id_for`),
  KEY `id_mat_ftabela` (`id_mat`),
  CONSTRAINT `id_for_ftabela` FOREIGN KEY (`id_for`) REFERENCES `fornecedor` (`id`),
  CONSTRAINT `id_mat_ftabela` FOREIGN KEY (`id_mat`) REFERENCES `material` (`id`)
) ENGINE=InnoDB AUTO_INCREMENT=14 DEFAULT CHARSET=latin1 COLLATE=latin1_general_ci;

-- Copiando dados para a tabela pp.ftabela: ~13 rows (aproximadamente)
/*!40000 ALTER TABLE `ftabela` DISABLE KEYS */;
INSERT INTO `ftabela` (`id`, `id_for`, `id_mat`, `valor`, `dt_update`) VALUES
	(1, 2, 1, 0.02, '2016-03-30 11:03:17'),
	(2, 2, 6, 0.02, '2016-03-30 11:03:17'),
	(3, 2, 11, 0.02, '2016-03-30 11:03:17'),
	(4, 2, 1, 22.22, '2016-03-31 15:50:56'),
	(5, 1, 1, 222.22, '2016-03-31 15:57:06'),
	(6, 1, 23, 222.22, '2016-03-31 15:57:07'),
	(7, 2, 1, 0.01, '2016-03-31 15:57:27'),
	(8, 2, 2, 0.23, '2016-03-31 15:57:27'),
	(9, 2, 23, 0.32, '2016-03-31 15:57:27'),
	(10, 1, 24, 0.23, '2016-03-31 15:59:08'),
	(11, 2, 24, 23.22, '2016-03-31 15:59:35'),
	(12, 1, 24, 0.22, '2016-03-31 16:00:11'),
	(13, 1, 1, 0.02, '2016-03-31 16:00:25');
/*!40000 ALTER TABLE `ftabela` ENABLE KEYS */;


-- Copiando estrutura para tabela pp.material
CREATE TABLE IF NOT EXISTS `material` (
  `id` int(11) NOT NULL AUTO_INCREMENT,
  `nome` varchar(100) COLLATE latin1_general_ci NOT NULL DEFAULT '0',
  `tipo` varchar(50) COLLATE latin1_general_ci NOT NULL DEFAULT '0',
  PRIMARY KEY (`id`),
  UNIQUE KEY `nome` (`nome`)
) ENGINE=InnoDB AUTO_INCREMENT=26 DEFAULT CHARSET=latin1 COLLATE=latin1_general_ci;

-- Copiando dados para a tabela pp.material: ~25 rows (aproximadamente)
/*!40000 ALTER TABLE `material` DISABLE KEYS */;
INSERT INTO `material` (`id`, `nome`, `tipo`) VALUES
	(1, 'Ferro', '0'),
	(2, 'Chapa', '0'),
	(3, 'Papelão', '0'),
	(4, 'Pet', '0'),
	(5, 'Plástico', '0'),
	(6, 'Cobre', '0'),
	(7, 'Mel', '0'),
	(8, 'Metal', '0'),
	(9, 'Perfil', '0'),
	(10, 'Alumínio', '0'),
	(11, 'Latinha', '0'),
	(12, 'Bloco', '0'),
	(13, 'Antimônio', '0'),
	(14, 'Aço', '0'),
	(15, 'Motor', '0'),
	(16, 'Chumbo', '0'),
	(17, 'LimMetal', '0'),
	(18, 'RadMetal', '0'),
	(19, 'RadBloco', '0'),
	(20, 'PapelBR', '0'),
	(21, 'OffSet', '0'),
	(22, 'Placa', '0'),
	(23, 'Bateria', '0'),
	(24, 'RadAlumínio', '0'),
	(25, 'Magnésio', '0');
/*!40000 ALTER TABLE `material` ENABLE KEYS */;


-- Copiando estrutura para tabela pp.peso
CREATE TABLE IF NOT EXISTS `peso` (
  `id` int(11) NOT NULL AUTO_INCREMENT,
  `id_mat` int(11) NOT NULL DEFAULT '0',
  `peso` double(10,3) NOT NULL DEFAULT '0.000',
  `status` int(11) NOT NULL DEFAULT '0',
  `dt` timestamp NOT NULL DEFAULT CURRENT_TIMESTAMP,
  PRIMARY KEY (`id`),
  KEY `id_mat_peso` (`id_mat`),
  CONSTRAINT `id_mat_entrada_material` FOREIGN KEY (`id_mat`) REFERENCES `material` (`id`)
) ENGINE=InnoDB AUTO_INCREMENT=93 DEFAULT CHARSET=latin1 COLLATE=latin1_general_ci;

-- Copiando dados para a tabela pp.peso: ~52 rows (aproximadamente)
/*!40000 ALTER TABLE `peso` DISABLE KEYS */;
INSERT INTO `peso` (`id`, `id_mat`, `peso`, `status`, `dt`) VALUES
	(39, 1, 0.001, 0, '2016-04-14 14:58:42'),
	(41, 1, 0.001, 0, '2016-04-20 16:59:40'),
	(42, 2, 0.001, 0, '2016-04-20 16:59:40'),
	(43, 3, 0.101, 0, '2016-04-20 16:59:44'),
	(44, 4, 1.000, 0, '2016-04-20 16:59:46'),
	(45, 5, 3.000, 0, '2016-04-20 16:59:48'),
	(46, 6, 3.232, 0, '2016-04-20 16:59:49'),
	(47, 7, 21231.321, 0, '2016-04-20 16:59:50'),
	(48, 8, 0.005, 0, '2016-04-20 16:59:50'),
	(49, 9, 0.045, 0, '2016-04-20 16:59:51'),
	(50, 10, 4.564, 0, '2016-04-20 16:59:51'),
	(51, 11, 0.564, 0, '2016-04-20 16:59:51'),
	(52, 12, 0.564, 0, '2016-04-20 16:59:51'),
	(53, 13, 0.564, 0, '2016-04-20 16:59:52'),
	(54, 14, 0.564, 0, '2016-04-20 16:59:52'),
	(55, 21, 0.354, 0, '2016-04-20 17:00:02'),
	(56, 22, 5456.465, 0, '2016-04-20 17:00:03'),
	(57, 23, 4465.465, 0, '2016-04-20 17:00:05'),
	(58, 24, 64654.654, 0, '2016-04-20 17:00:06'),
	(59, 25, 465.466, 0, '2016-04-20 17:00:07'),
	(60, 18, 1001.010, 0, '2016-04-20 17:00:11'),
	(61, 15, 35.465, 0, '2016-04-20 17:00:16'),
	(62, 16, 135.465, 0, '2016-04-20 17:00:17'),
	(63, 17, 11.564, 0, '2016-04-20 17:00:18'),
	(64, 19, 65674.894, 0, '2016-04-20 17:00:21'),
	(65, 20, 4.564, 0, '2016-04-20 17:00:22'),
	(66, 1, 1.000, 0, '2016-04-22 10:06:23'),
	(67, 2, 5.454, 0, '2016-04-22 10:06:23'),
	(68, 3, 564.564, 0, '2016-04-22 10:06:24'),
	(69, 4, 564.564, 0, '2016-04-22 10:06:25'),
	(70, 5, 4564.654, 0, '2016-04-22 10:06:25'),
	(71, 6, 0.564, 0, '2016-04-22 10:06:26'),
	(72, 7, 6.545, 0, '2016-04-22 10:06:26'),
	(73, 8, 0.064, 0, '2016-04-22 10:06:27'),
	(74, 9, 65.456, 0, '2016-04-22 10:06:27'),
	(75, 10, 0.564, 0, '2016-04-22 10:06:28'),
	(76, 11, 0.654, 0, '2016-04-22 10:06:28'),
	(77, 12, 54.654, 0, '2016-04-22 10:06:28'),
	(78, 13, 0.564, 0, '2016-04-22 10:06:29'),
	(79, 14, 0.654, 0, '2016-04-22 10:06:29'),
	(80, 15, 0.654, 0, '2016-04-22 10:06:29'),
	(81, 16, 0.004, 0, '2016-04-22 10:06:29'),
	(82, 17, 564.654, 0, '2016-04-22 10:06:30'),
	(83, 18, 0.054, 0, '2016-04-22 10:06:30'),
	(84, 19, 0.654, 0, '2016-04-22 10:06:30'),
	(85, 20, 0.564, 0, '2016-04-22 10:06:30'),
	(86, 21, 0.056, 0, '2016-04-22 10:06:31'),
	(87, 22, 465.464, 0, '2016-04-22 10:06:31'),
	(88, 23, 65.465, 0, '2016-04-22 10:06:32'),
	(89, 24, 0.654, 0, '2016-04-22 10:06:33'),
	(90, 25, 654.454, 0, '2016-04-22 10:06:36'),
	(92, 6, 12214.341, 0, '2016-04-27 11:08:12');
/*!40000 ALTER TABLE `peso` ENABLE KEYS */;


-- Copiando estrutura para tabela pp.saida
CREATE TABLE IF NOT EXISTS `saida` (
  `id` int(11) NOT NULL AUTO_INCREMENT,
  `id_mat` int(11) NOT NULL,
  `id_for` int(11) NOT NULL,
  `valor` decimal(30,2) NOT NULL DEFAULT '0.00',
  `peso` decimal(30,3) NOT NULL DEFAULT '0.000',
  `dt` timestamp NOT NULL DEFAULT CURRENT_TIMESTAMP ON UPDATE CURRENT_TIMESTAMP,
  PRIMARY KEY (`id`),
  KEY `id_forn_saida` (`id_for`),
  KEY `id_mat_saida` (`id_mat`),
  CONSTRAINT `id_forn_saida` FOREIGN KEY (`id_for`) REFERENCES `fornecedor` (`id`),
  CONSTRAINT `id_mat_saida` FOREIGN KEY (`id_mat`) REFERENCES `material` (`id`)
) ENGINE=InnoDB DEFAULT CHARSET=latin1 COLLATE=latin1_general_ci;

-- Copiando dados para a tabela pp.saida: ~0 rows (aproximadamente)
/*!40000 ALTER TABLE `saida` DISABLE KEYS */;
/*!40000 ALTER TABLE `saida` ENABLE KEYS */;
/*!40101 SET SQL_MODE=IFNULL(@OLD_SQL_MODE, '') */;
/*!40014 SET FOREIGN_KEY_CHECKS=IF(@OLD_FOREIGN_KEY_CHECKS IS NULL, 1, @OLD_FOREIGN_KEY_CHECKS) */;
/*!40101 SET CHARACTER_SET_CLIENT=@OLD_CHARACTER_SET_CLIENT */;
